<?xml version="1.0" encoding="UTF-8"?>
<metadata xml:lang="fr"><Esri><CreaDate>20210621</CreaDate><CreaTime>10422300</CreaTime><ArcGISFormat>1.0</ArcGISFormat><SyncOnce>TRUE</SyncOnce><DataProperties><itemProps><itemLocation><linkage Sync="TRUE">file://\\SB0027\STAR_7028$\data_dnf_esri\SCOUTS_tourisme_balisage\Shapefiles\Circulation_Soignes</linkage><protocol Sync="TRUE">Local Area Network</protocol></itemLocation></itemProps><copyHistory><copy source="U:\data_dnf_esri\SCOUTS_tourisme_balisage\Circulation_Soignes" dest="\\SB0027\STAR_7028$\data_dnf_esri\SCOUTS_tourisme_balisage\Shapefiles\Circulation_Soignes" date="20210621" time="10422300"></copy></copyHistory></DataProperties></Esri></metadata>
